Ligand,Binding Affinity,rmsd/ub, rmsd/lb
3PP0_(3)_11488320_uff_E=480.48,-6.7,0,0
3PP0_(3)_11488320_uff_E=480.48,-6.4,8.66,5.028
3PP0_(3)_11488320_uff_E=480.48,-6.3,9.251,5.635
3PP0_(3)_11488320_uff_E=480.48,-5.9,9.031,4.561
3PP0_(3)_11488320_uff_E=480.48,-5.8,19.513,17.632
3PP0_(3)_11488320_uff_E=480.48,-5.8,5.521,3.55
3PP0_(3)_11488320_uff_E=480.48,-5.7,9.258,5.767
3PP0_(3)_11488320_uff_E=480.48,-5.6,6.478,4.48
3PP0_(3)_11488320_uff_E=480.48,-5.6,22.568,20.104
3PP0_(3)_51039094_uff_E=881.88,-10.4,0,0
3PP0_(3)_51039094_uff_E=881.88,-10.4,2.124,1.782
3PP0_(3)_51039094_uff_E=881.88,-9.6,5.125,3.733
3PP0_(3)_51039094_uff_E=881.88,-9.3,4.441,2.547
3PP0_(3)_51039094_uff_E=881.88,-9,3.589,2.989
3PP0_(3)_51039094_uff_E=881.88,-8.9,3.838,2.198
3PP0_(3)_51039094_uff_E=881.88,-7.8,5.582,3.609
3PP0_(3)_51039094_uff_E=881.88,-7.8,26.881,22.801
3PP0_(3)_51039094_uff_E=881.88,-7.7,21.531,17.047
3PP0_(3)_9915743_uff_E=818.89,-5.8,0,0
3PP0_(3)_9915743_uff_E=818.89,-5.7,7.194,3.955
3PP0_(3)_9915743_uff_E=818.89,-5.6,9.496,3.357
3PP0_(3)_9915743_uff_E=818.89,-5.6,22.504,18.802
3PP0_(3)_9915743_uff_E=818.89,-5.6,8.814,2.604
3PP0_(3)_9915743_uff_E=818.89,-5.5,20.819,17.225
3PP0_(3)_9915743_uff_E=818.89,-5.5,2.603,2.112
3PP0_(3)_9915743_uff_E=818.89,-5.4,18.887,12.12
3PP0_(3)_9915743_uff_E=818.89,-5.3,9.742,3.582
